source,source_record_id,as_of,confidence,entity_ref,program,list_date,list_source,is_active
fx_list,s01-des,2026-09-15,1.0,fx_registry:s01-parent,FX-PROGRAM-ALPHA,2026-09-14,FX-OFAC-SDN,true
fx_list,s02-des,2026-09-15,1.0,fx_list:s02-listed,FX-PROGRAM-ALPHA,2024-03-11,FX-OFAC-SDN,true
fx_list,s03-des-a,2026-09-15,1.0,fx_list:s03-owner-a,FX-PROGRAM-ALPHA,2022-04-06,FX-OFAC-SDN,true
fx_list,s03-des-b,2026-09-15,1.0,fx_list:s03-owner-b,FX-PROGRAM-BRAVO,2023-11-02,FX-OFAC-SDN,true
fx_list,s04-des,2026-09-15,1.0,fx_list:s04-listed,FX-PROGRAM-ALPHA,2024-08-19,FX-OFAC-SDN,true
fx_list,s05-des-a,2026-09-15,1.0,fx_list:s05-owner-a,FX-PROGRAM-ALPHA,2022-06-28,FX-OFAC-SDN,true
fx_list,s05-des-b,2026-09-15,1.0,fx_list:s05-owner-b,FX-PROGRAM-ALPHA,2022-06-28,FX-OFAC-SDN,true
fx_list,s06-des,2026-09-15,1.0,fx_list:s06-listed,FX-PROGRAM-BRAVO,2023-02-24,FX-OFAC-SDN,true
fx_list,s07-des-a,2026-09-15,1.0,fx_list:s07-owner-a,FX-PROGRAM-ALPHA,2022-03-15,FX-OFAC-SDN,true
fx_list,s07-des-b,2026-09-15,1.0,fx_list:s07-owner-b,FX-PROGRAM-ALPHA,2022-03-15,FX-OFAC-SDN,true
fx_list,s09-des,2026-09-15,1.0,fx_list:s09-blocked,FX-PROGRAM-ALPHA,2023-05-30,FX-OFAC-SDN,true
fx_list,s10-des,2026-09-15,1.0,fx_list:s10-blocked,FX-PROGRAM-ALPHA,2022-09-14,FX-OFAC-SDN,true
fx_list,s11-des,2026-09-15,1.0,fx_list:s11-director,FX-PROGRAM-BRAVO,2024-01-22,FX-OFAC-SDN,true
fx_list,s12-des,2026-09-15,1.0,fx_list:s12-blocked,FX-PROGRAM-ALPHA,2023-07-03,FX-OFAC-SDN,true
fx_list,s13-des,2026-09-15,1.0,fx_list:s13-blocked,FX-PROGRAM-BRAVO,2024-05-17,FX-OFAC-SDN,true
fx_list,s14-des,2026-09-15,1.0,fx_list:s14-listed,FX-PROGRAM-ALPHA,2023-10-10,FX-OFAC-SDN,true
fx_list,s15-des,2026-09-15,1.0,fx_list:s15-blocked,FX-PROGRAM-ALPHA,2022-12-01,FX-OFAC-SDN,true
fx_list,s17-des,2026-09-15,1.0,fx_list:s17-owner,FX-PROGRAM-BRAVO,2019-04-26,FX-OFAC-SDN,true
fx_list,s18-des,2026-09-15,1.0,fx_list:s18-owner-listed,FX-PROGRAM-ALPHA,2024-02-23,FX-OFAC-SDN,true
fx_list,s19-des,2026-09-15,1.0,fx_list:s19-blocked,FX-PROGRAM-BRAVO,2023-03-08,FX-OFAC-SDN,true
fx_list,s21-des,2026-09-15,1.0,fx_list:s21-blocked,FX-PROGRAM-ALPHA,2022-10-19,FX-OFAC-SDN,true
fx_list,s22-des,2026-09-15,1.0,fx_list:s22-top,FX-PROGRAM-BRAVO,2023-09-12,FX-OFAC-SDN,true
fx_list,s24-des,2026-09-15,1.0,fx_list:s24-owner,FX-PROGRAM-ALPHA,2022-07-21,FX-OFAC-SDN,true
fx_list,s25-des-a,2026-09-15,1.0,fx_list:s25-owner-a,FX-PROGRAM-ALPHA,2022-03-15,FX-OFAC-SDN,true
fx_list,s25-des-b,2026-09-15,1.0,fx_list:s25-owner-b,FX-PROGRAM-ALPHA,2022-03-15,FX-OFAC-SDN,true
fx_list,s26-des,2026-09-15,1.0,fx_list:s26-listed,FX-PROGRAM-BRAVO,2024-06-05,FX-OFAC-SDN,true
fx_list,s27-des,2026-09-15,1.0,fx_list:s27-owner,FX-PROGRAM-ALPHA,2023-04-18,FX-OFAC-SDN,true
fx_list,s28-des,2026-09-15,1.0,fx_list:s28-director,FX-PROGRAM-BRAVO,2024-09-03,FX-OFAC-SDN,true
