source,source_record_id,as_of,confidence,subject_ref,object_ref,rel_type,pct,basis,is_ultimate
fx_registry,s00-rel-1,2026-09-01,1.0,fx_registry:s00-sub-1,fx_registry:s00-hub,CONSOLIDATED_BY,,accounting_consolidation,false
fx_registry,s00-rel-2,2026-09-01,1.0,fx_registry:s00-sub-2,fx_registry:s00-hub,CONSOLIDATED_BY,,accounting_consolidation,false
fx_registry,s00-rel-3,2026-09-01,1.0,fx_registry:s00-sub-3,fx_registry:s00-hub,CONSOLIDATED_BY,,accounting_consolidation,false
fx_registry,s00-rel-4,2026-09-01,1.0,fx_registry:s00-sub-4,fx_registry:s00-hub,CONSOLIDATED_BY,,accounting_consolidation,false
fx_registry,s00-rel-5,2026-09-01,1.0,fx_registry:s00-sub-5,fx_registry:s00-hub,CONSOLIDATED_BY,,accounting_consolidation,false
fx_registry,s00-rel-6,2026-09-01,1.0,fx_registry:s00-sub-6,fx_registry:s00-hub,CONSOLIDATED_BY,,accounting_consolidation,false
fx_registry,s00-rel-7,2026-09-01,1.0,fx_registry:s00-mid,fx_registry:s00-hub,CONSOLIDATED_BY,,accounting_consolidation,false
fx_registry,s00-rel-8,2026-09-01,1.0,fx_registry:s00-sub-7,fx_registry:s00-mid,CONSOLIDATED_BY,,accounting_consolidation,false
fx_registry,s00-rel-9,2026-09-01,1.0,fx_registry:s00-sub-7,fx_registry:s00-hub,CONSOLIDATED_BY,,accounting_consolidation,true
fx_registry,s00-rel-10,2026-09-01,1.0,fx_registry:s00-sub-8,fx_registry:s00-mid,CONSOLIDATED_BY,,accounting_consolidation,false
fx_registry,s00-rel-11,2026-09-01,1.0,fx_registry:s00-sub-8,fx_registry:s00-hub,CONSOLIDATED_BY,,accounting_consolidation,true
fx_list,s00-rel-12,2026-09-15,1.0,fx_list:s00-founder,fx_registry:s00-hub,CONTROLS,,other,false
fx_registry,s01-rel-1,2026-09-01,1.0,fx_registry:s01-parent,fx_registry:s01-target,OWNS,60,shareholding,false
fx_list,s01-rel-2,2026-09-15,1.0,fx_list:s01-minority,fx_registry:s01-target,OWNS,40,shareholding,false
fx_registry,s02-rel-1,2026-09-01,1.0,fx_registry:s02-parent,fx_registry:s02-target,OWNS,100,shareholding,false
fx_list,s03-rel-1,2026-09-15,1.0,fx_list:s03-owner-a,fx_registry:s03-target,OWNS,30,shareholding,false
fx_list,s03-rel-2,2026-09-15,1.0,fx_list:s03-owner-b,fx_registry:s03-target,OWNS,30,shareholding,false
fx_registry,s03-rel-3,2026-09-01,1.0,fx_registry:s03-other,fx_registry:s03-target,OWNS,40,shareholding,false
fx_registry,s04-rel-1,2026-09-01,1.0,fx_registry:s04-target,fx_registry:s04-parent,CONSOLIDATED_BY,,accounting_consolidation,false
fx_list,s05-rel-1,2026-09-15,1.0,fx_list:s05-owner-a,fx_registry:s05-target,OWNS,22,shareholding,false
fx_list,s05-rel-2,2026-09-15,1.0,fx_list:s05-owner-b,fx_registry:s05-target,OWNS,20,shareholding,false
fx_registry,s05-rel-3,2026-09-01,1.0,fx_registry:s05-other,fx_registry:s05-target,OWNS,58,shareholding,false
fx_registry,s06-rel-1,2026-09-01,1.0,fx_registry:s06-top,fx_registry:s06-inter-1,OWNS,60,shareholding,false
fx_registry,s06-rel-2,2026-09-01,1.0,fx_registry:s06-inter-1,fx_registry:s06-inter-2,OWNS,55,shareholding,false
fx_registry,s06-rel-3,2026-09-01,1.0,fx_registry:s06-inter-2,fx_registry:s06-target,OWNS,51,shareholding,false
fx_list,s07-rel-1,2026-09-15,1.0,fx_list:s07-owner-a,fx_registry:s07-target,OWNS,30,shareholding,false
fx_list,s07-rel-2,2026-09-15,1.0,fx_list:s07-owner-b,fx_registry:s07-target,OWNS,20,shareholding,false
fx_registry,s07-rel-3,2026-09-01,1.0,fx_registry:s07-other,fx_registry:s07-target,OWNS,50,shareholding,false
fx_list,s08-rel-1,2026-09-15,1.0,fx_list:s08-owner,fx_registry:s08-target,OWNS,30,shareholding,false
fx_registry,s08-rel-2,2026-09-01,1.0,fx_registry:s08-other,fx_registry:s08-target,OWNS,70,shareholding,false
fx_list,s09-rel-1,2026-09-15,1.0,fx_list:s09-blocked,fx_registry:s09-inter,OWNS,40,shareholding,false
fx_registry,s09-rel-2,2026-09-01,1.0,fx_registry:s09-other,fx_registry:s09-inter,OWNS,60,shareholding,false
fx_registry,s09-rel-3,2026-09-01,1.0,fx_registry:s09-inter,fx_registry:s09-target,OWNS,100,shareholding,false
fx_list,s10-rel-1,2026-09-15,1.0,fx_list:s10-blocked,fx_registry:s10-inter,OWNS,20,shareholding,false
fx_registry,s10-rel-2,2026-09-01,1.0,fx_registry:s10-other,fx_registry:s10-inter,OWNS,80,shareholding,false
fx_registry,s10-rel-3,2026-09-01,1.0,fx_registry:s10-inter,fx_registry:s10-target,OWNS,100,shareholding,false
fx_registry,s11-rel-1,2026-09-01,1.0,fx_registry:s11-parent,fx_registry:s11-target,OWNS,100,shareholding,false
fx_list,s11-rel-2,2026-09-15,1.0,fx_list:s11-director,fx_registry:s11-target,CONTROLS,,directorship,false
fx_list,s12-rel-1,2026-09-15,1.0,fx_list:s12-blocked,fx_registry:s12-inter,OWNS,20,shareholding,false
fx_registry,s12-rel-2,2026-09-01,1.0,fx_registry:s12-inter,fx_registry:s12-target,OWNS,100,shareholding,false
fx_list,s13-rel-1,2026-09-15,1.0,fx_list:s13-blocked,fx_registry:s13-inter,OWNS,20,shareholding,false
fx_registry,s13-rel-2,2026-09-01,1.0,fx_registry:s13-inter,fx_registry:s13-target,OWNS,100,shareholding,false
fx_registry,s14-rel-1,2026-09-01,1.0,fx_registry:s14-owner,fx_registry:s14-target,OWNS,60,shareholding,false
fx_registry,s14-rel-2,2026-09-01,1.0,fx_registry:s14-other,fx_registry:s14-target,OWNS,40,shareholding,false
fx_list,s15-rel-1,2026-09-15,1.0,fx_list:s15-blocked,fx_registry:s15-target,OWNS,60,shareholding,false
fx_registry,s15-rel-2,2026-09-01,1.0,fx_registry:s15-cross,fx_registry:s15-target,OWNS,10,shareholding,false
fx_registry,s15-rel-3,2026-09-01,1.0,fx_registry:s15-target,fx_registry:s15-cross,OWNS,30,shareholding,false
fx_registry,s16-rel-1,2026-09-01,1.0,fx_registry:s16-parent,fx_registry:s16-target,OWNS,100,shareholding,false
fx_list,s17-rel-1,2026-09-15,1.0,fx_list:s17-owner,fx_registry:s17-target,OWNS,70,shareholding,false
fx_registry,s17-rel-2,2026-09-01,1.0,fx_registry:s17-other,fx_registry:s17-target,OWNS,30,shareholding,false
fx_registry,s18-rel-1,2026-09-01,1.0,fx_registry:s18-owner,fx_registry:s18-target,OWNS,30,shareholding,false
fx_list,s18-rel-2,2026-09-15,1.0,fx_list:s18-owner-listed,fx_registry:s18-target,OWNS,30,shareholding,false
fx_registry,s18-rel-3,2026-09-01,1.0,fx_registry:s18-other,fx_registry:s18-target,OWNS,70,shareholding,false
fx_list,s19-rel-1,2026-09-15,1.0,fx_list:s19-blocked,fx_registry:s19-target,OWNS,20,shareholding,false
fx_registry,s19-rel-2,2026-09-01,1.0,fx_registry:s19-other-a,fx_registry:s19-target,OWNS,50,shareholding,false
fx_registry,s19-rel-3,2026-09-01,1.0,fx_registry:s19-other-b,fx_registry:s19-target,OWNS,40,shareholding,false
fx_registry,s20-rel-1,2026-09-01,1.0,fx_registry:s20-parent,fx_registry:s20-target,OWNS,100,shareholding,false
fx_list,s21-rel-1,2026-09-15,1.0,fx_list:s21-blocked,fx_registry:s21-inter-1,OWNS,30,shareholding,false
fx_list,s21-rel-2,2026-09-15,1.0,fx_list:s21-blocked,fx_registry:s21-inter-2,OWNS,30,shareholding,false
fx_registry,s21-rel-3,2026-09-01,1.0,fx_registry:s21-inter-1,fx_registry:s21-target,OWNS,50,shareholding,false
fx_registry,s21-rel-4,2026-09-01,1.0,fx_registry:s21-inter-2,fx_registry:s21-target,OWNS,50,shareholding,false
fx_registry,s22-rel-1,2026-09-01,1.0,fx_registry:s22-inter-1,fx_registry:s22-target,OWNS,100,shareholding,false
fx_registry,s22-rel-2,2026-09-01,1.0,fx_registry:s22-inter-2,fx_registry:s22-inter-1,OWNS,100,shareholding,false
fx_registry,s22-rel-3,2026-09-01,1.0,fx_registry:s22-inter-3,fx_registry:s22-inter-2,OWNS,100,shareholding,false
fx_registry,s22-rel-4,2026-09-01,1.0,fx_registry:s22-inter-4,fx_registry:s22-inter-3,OWNS,100,shareholding,false
fx_registry,s22-rel-5,2026-09-01,1.0,fx_registry:s22-inter-5,fx_registry:s22-inter-4,OWNS,100,shareholding,false
fx_list,s22-rel-6,2026-09-15,1.0,fx_list:s22-top,fx_registry:s22-inter-5,OWNS,100,shareholding,false
fx_list,s24-rel-1,2026-09-15,1.0,fx_list:s24-owner,fx_registry:s24-target,OWNS,80,shareholding,false
fx_list,s25-rel-1,2026-09-15,1.0,fx_list:s25-owner-a,fx_registry:s25-target,OWNS,30,shareholding,false
fx_list,s25-rel-2,2026-09-15,1.0,fx_list:s25-owner-b,fx_registry:s25-target,OWNS,19.9999,shareholding,false
fx_registry,s25-rel-3,2026-09-01,1.0,fx_registry:s25-other,fx_registry:s25-target,OWNS,50.0001,shareholding,false
fx_registry,s26-rel-1,2026-09-01,1.0,fx_registry:s26-owner,fx_registry:s26-target,OWNS,70,shareholding,false
